Estación,Ciudad,Tipo de carga,Horario,Dirección,Estándar Cargador,Coordenadas
Aeropuerto,Rionegro,Rápida,12:00 pm a 11:59pm,"Km 1 Glorieta Aeropuerto José María Córdova, Rionegro
 RURAL_190616200431527000_VEREDA SAJONIA",CHAdeMO- COMBO 1- MENNEKES,"6.17938000,-75.44224100"
Éxito Poblado,Medellín,Semi Rápida,8:00 am a 8:00 pm,"Calle 10 # 43 E - 135, Medellin",Europeo- Mennekes 22 Kw-h,"6.21194987,-75.57404774"
Éxito Poblado,Medellín,Semi Rápida,8:00 am a 8:00 pm,"Calle 10 # 43 E - 135, Medellin","J1772- 7,4 Kw-h","6.21194987,-75.57404774"
Exposiciones,Medellín,Rápida,12:00 pm a 11:59 pm,"Calle 36 # 53 - 55, Medellin",CHAdeMO- COMBO 1- MENNEKES,"6.23747400,-75.57521000"
EDS Texaco Vegas,Envigado,Rápida,12:00 pm a 11:59 pm,"Carrera 48 # 30 Sur - 48, Envigado",CHAdeMO- COMBO 1- MENNEKES,"6.17900319,-75.58839136"
1er Parque Laureles,Medellín,Semi Rápida,12:00 pm a 11:59 pm,"Circular 5 # 73 - 15, Medellin","J1772- 7,4 Kw-h","6.24564930,-75.59327930"
1er Parque Laureles,Medellín,Semi Rápida,12:00 pm a 11:59 pm,"Circular 5 # 73 - 15, Medellin",Europeo- Mennekes 22 Kw-h,"6.24564930,-75.59327930"
CC Los Molinos,Medellín,Semi Rápida,10:00 am a 10:00 pm,"Calle 30 A # 82 A - 26, Medellín","J1772- 7,4 Kw-h","6.23199997,-75.60442682"
CC Los Molinos,Medellín,Semi Rápida,10:00 am a 10:00 pm,"Calle 30 A # 82 A - 26, Medellín",Europeo- Mennekes 22 Kw-h,"6.23199997,-75.60442682"
CC Mayorca,Sabaneta,Semi Rápida,10:00 am a 9:00 pm,"Calle 51 Sur # 48 - 57, Sabaneta",Europeo- Mennekes 22 Kw-h,"6.16070400,-75.60459600"
CC Mayorca,Sabaneta,Semi Rápida,10:00 am a 9:00 pm,"Calle 51 Sur # 48 - 57, Sabaneta","J1772- 7,4 Kw-h","6.16070400,-75.60459600"
Milla de Oro,Medellín,Semi Rápida,8:00 am a 6:00 pm,"Carrer 43 A # 3 Sur -130, Medellin",Europeo- Mennekes 22 Kw-h,"6.19929518,-75.57225902"
Milla de Oro,Medellín,Semi Rápida,8:00 am a 6:00 pm,"Carrer 43 A # 3 Sur -130, Medellin","J1772- 7,4 Kw-h","6.19929518,-75.57225902"
EDS Consolata - Nutibara,Medellín,Rápida,12:00 pm a 11:59 pm,"Transversal 39 B # 79 - 41, Medellín",CHAdeMO- COMBO 1- MENNEKES,"6.24805414,-75.59813799"
Plaza Mayor,Medellín,Semi Rápida,7:30 am a 5:30 pm,"Calle 41 # 55 - 80, Medellín",Europeo- Mennekes 22 Kw-h,"6.24262272,-75.57617529"
Plaza Mayor,Medellín,Semi Rápida,7:30 am a 5:30 pm,"Calle 41 # 55 - 80, Medellín","J1772- 7,4 Kw-h","6.24262272,-75.57617529"
CC Puerta del Norte,Bello,Semi Rápida,11:00 am a 9:00 pm,"Diagonal 55 # 34 - 67, Bello",Europeo- Mennekes 22 Kw-h,"6.34033635,-75.54240445"
CC Puerta del Norte,Bello,Semi Rápida,11:00 am a 9:00 pm,"Diagonal 55 # 34 - 67, Bello","J1772- 7,4 Kw-h","6.34033635,-75.54240445"
EDS Santa María - Sabaneta,Sabaneta,Rápida,12:00 pm a 11:59 pm,"Carrera 38 # 72 sur, Sabaneta",CHAdeMO- COMBO 1- MENNEKES,"6.15343000,-75.61927444"
CC Santa Fé,Medellín,Semi Rápida,10:00 am a 9:00 pm,"Carrera 43 A # 7 Sur - 170, Medellín","J1772- 7,4 Kw-h","6.19638224,-75.57439339"
CC Santa Fé,Medellín,Semi Rápida,10:00 am a 9:00 pm,"Carrera 43 A # 7 Sur - 170, Medellín",Europeo- Mennekes 22 Kw-h,"6.19638224,-75.57439339"
CC El Tesoro,Medellín,Semi Rápida,8:00 am a 10:00 pm,"Carrera 25 A # 1 A Sur – 45, Medellín",Europeo- Mennekes 22 Kw-h,"6.19669812,-75.55892548"
CC El Tesoro,Medellín,Semi Rápida,8:00 am a 10:00 pm,"Carrera 25 A # 1 A Sur – 45, Medellín","J1772- 7,4 Kw-h","6.19669812,-75.55892548"
CC Unicentro,Medellín,Semi Rápida,9:00 am a 8:00 pm,"Carrera 66 B # 34 A - 76, Medellín",Europeo- Mennekes 22 Kw-h,"6.24171224,-75.58784611"
CC Unicentro,Medellín,Semi Rápida,9:00 am a 8:00 pm,"Carrera 66 B # 34 A - 76, Medellín","J1772- 7,4 Kw-h","6.24171224,-75.58784611"
Viva Palmas,Envigado,Semi Rápida,7:00 am a 8:00 pm,"Calle 36 D Sur # 27 A - 105, Envigado","J1772- 7,4 Kw-h","6.15293469,-75.54097876"
Viva Palmas,Envigado,Semi Rápida,7:00 am a 8:00 pm,"Calle 36 D Sur # 27 A - 105, Envigado",Europeo- Mennekes 22 Kw-h,"6.15293469,-75.54097876"
CC La Florida,Medellín,Semi Rápida,10:00 am a 9:00 pm,"Calle 71 # 65 - 150, Medellín","J1772- 7,4 Kw-h","6.27227632,-75.57994240"
CC La Florida,Medellín,Semi Rápida,10:00 am a 9:00 pm,"Calle 71 # 65 - 150, Medellín",Europeo- Mennekes 22 Kw-h,"6.27227632,-75.57994240"
Sao Paulo,Medellín,Semi Rápida,8:00 am a 9:00 pm,"Carrera 43 A Calle 18 SUR - 135, Medellin",Europeo- Mennekes 22 Kw-h,"6.18487300,-75.57991110"
Sao Paulo,Medellín,Semi Rápida,8:00 am a 9:00 pm,"Carrera 43 A Calle 18 SUR - 135, Medellin","J1772- 7,4 Kw-h","6.18487300,-75.57991110"
La Pintada,La Pintada,Rápida,12:00 pm a 11:59 pm,"CL. 28 # 30 B - 24, Mall Rafael Uribe Uribe, La Pintada, Antioquia","CHAdeMO, CCS y AC tipo 2","5.74153784,-75.60598521"
Los Alamos,Medellín,Rápida,12:00 pm a 11:59 pm,"Carrera 52 # 65-07, La Candelaria, Medellín, La Candelaria","CHAdeMO, CCS y AC tipo 2","6.26297220,-75.56668900"
La Fe,El Retiro,Semi Rápida,12:00 pm a 11:59 pm,"Mall la Fé via las Palmas, km 28, Retiro, Antioquia","J1772- 7,4 Kw-h","6.09031580, -75.49305705"
La Fe,El Retiro,Semi Rápida,12:00 pm a 11:59 pm,"Mall la Fé via las Palmas, km 28, Retiro, Antioquia",Europeo- Mennekes 22 Kw-h,"6.09031580, -75.49305705"
MAMM Ciudad del Rio,Medellín,Semi Rápida,12:00 pm a 11:59 pm,Carrera 44 N° 19A-100,Europeo- Mennekes 22 Kw-h,"6.22400100,-75.57404400"
MAMM Ciudad del Rio,Medellín,Semi Rápida,12:00 pm a 11:59 pm,Carrera 44 N° 19A-100,"J1772- 7,4 Kw-h","6.22400100,-75.57404400"
Oviedo,Medellín,Semi Rápida,8:00 am a 10:00 pm,CR 43 A CL 6 Sur - 15 (Interior 5000),J1772- 11 Kw-h,"6.19907980,-75.57405890"
Oviedo,Medellín,Semi Rápida,8:00 am a 10:00 pm,CR 43 A CL 6 Sur - 15 (Interior 5000),Europeo- Mennekes 22 Kw-h,"6.19907980,-75.57405890"
Tesoro 2,Medellín,Semi Rápida,8:00 am a 10:00 pm,"Carrera 25 A # 1 A Sur – 45, Medellín, sotano 4 Plaza Palmas","J1772- 7,4 Kw-h","6.19669812,-75.55892548"
Tesoro 2,Medellín,Semi Rápida,8:00 am a 10:00 pm,"Carrera 25 A # 1 A Sur – 45, Medellín, sotano 4 Plaza Palmas",Europeo- Mennekes 22 Kw-h,"6.19669812,-75.55892548"
Nuestro Urabá,Aparatadó,Semi Rápida,8:00 am a 10:00 pm,Carrera 99 84 -18 Km 1 Vía Carepa,"J1772- 7,4 Kw-h","7.87401680,-76.63507450"
Nuestro Urabá,Aparatadó,Semi Rápida,8:00 am a 10:00 pm,Carrera 99 84 -18 Km 1 Vía Carepa,Europeo- Mennekes 22 Kw-h,"7.87401680,-76.63507450"
Caribe,Medellín,Información no disponible,24 horas,CR 64C # 72-226,Información no disponible,"6.27225, -75.57275"
El Bosque,Medellín,Información no disponible,24 horas,CR 52 # 78-20,Información no disponible,"6.27346, -75.56461"
Punto Cero,Medellín,Información no disponible,24 horas,DG 64E CL 67-405,Información no disponible,"6.26913, -75.57545"
Exposiciones,Medellín,Información no disponible,24 horas,CL 36 # 53-67,Información no disponible,"6.23825, -75.57453"
Bolivariana,Medellín,Información no disponible,24 horas,AV 33 # 66A-21,Información no disponible,"6.23937, -75.58659"
La 30,Medellín,Información no disponible,6:00 am a 10:00 pm,CR 65 # 30-40,Información no disponible,"6.23240, -75.58206"
Belén,Medellín,Información no disponible,24 horas,CL 30A # 69C-11,Información no disponible,"6.23186, -75.59094"
Mayorca,Sabaneta,Información no disponible,24 horas,CL 57 SUR # 48-25,Información no disponible,"6.15896, -75.60821"
Aeropuerto JMC,Rionegro,Información no disponible,24 horas,Km 1 vía aeropuerto Rionegro - Medellín,Información no disponible,"6.17926, -75.44218"
Navarra,Apartadó,Información no disponible,24 horas,CR 100 # 73A-12,Información no disponible,"7.86733, -76.63592"
Tasajera,Barbosa,Llenado rápido,24 horas,Autopista Norte Km 23,Información no disponible,"6.40871, -75.41951"
Universidad de Medellín,Medellín,Llenado rápido,24 horas,CR 87 # 30-65,Información no disponible,"6.23110, -75.60859"
