"PROD_EST","COBERTURA","ANIO","ID_MES","ID_ENTIDAD","VEH_ELECTR","VEH_HIBRIDAS_PLUGIN","VEH_HIBRIDAS"
"Registro Administrativo de la Industria Automotriz de Vehículos Ligeros. Venta de vehículos híbridos y eléctricos","Nacional",2018,"01","01",0,0,6
"Registro Administrativo de la Industria Automotriz de Vehículos Ligeros. Venta de vehículos híbridos y eléctricos","Nacional",2018,"01","02",0,0,12
"Registro Administrativo de la Industria Automotriz de Vehículos Ligeros. Venta de vehículos híbridos y eléctricos","Nacional",2018,"01","03",0,0,1
"Registro Administrativo de la Industria Automotriz de Vehículos Ligeros. Venta de vehículos híbridos y eléctricos","Nacional",2018,"01","04",0,0,0
"Registro Administrativo de la Industria Automotriz de Vehículos Ligeros. Venta de vehículos híbridos y eléctricos","Nacional",2018,"01","05",0,2,14
"Registro Administrativo de la Industria Automotriz de Vehículos Ligeros. Venta de vehículos híbridos y eléctricos","Nacional",2018,"01","06",0,0,7
"Registro Administrativo de la Industria Automotriz de Vehículos Ligeros. Venta de vehículos híbridos y eléctricos","Nacional",2018,"01","07",0,0,1
"Registro Administrativo de la Industria Automotriz de Vehículos Ligeros. Venta de vehículos híbridos y eléctricos","Nacional",2018,"01","08",0,0,12
"Registro Administrativo de la Industria Automotriz de Vehículos Ligeros. Venta de vehículos híbridos y eléctricos","Nacional",2018,"01","09",5,46,289
"Registro Administrativo de la Industria Automotriz de Vehículos Ligeros. Venta de vehículos híbridos y eléctricos","Nacional",2018,"01","10",0,0,2
"Registro Administrativo de la Industria Automotriz de Vehículos Ligeros. Venta de vehículos híbridos y eléctricos","Nacional",2018,"01","11",0,4,24
"Registro Administrativo de la Industria Automotriz de Vehículos Ligeros. Venta de vehículos híbridos y eléctricos","Nacional",2018,"01","12",0,0,0
"Registro Administrativo de la Industria Automotriz de Vehículos Ligeros. Venta de vehículos híbridos y eléctricos","Nacional",2018,"01","13",0,0,15
"Registro Administrativo de la Industria Automotriz de Vehículos Ligeros. Venta de vehículos híbridos y eléctricos","Nacional",2018,"01","14",1,8,70
"Registro Administrativo de la Industria Automotriz de Vehículos Ligeros. Venta de vehículos híbridos y eléctricos","Nacional",2018,"01","15",0,6,133
"Registro Administrativo de la Industria Automotriz de Vehículos Ligeros. Venta de vehículos híbridos y eléctricos","Nacional",2018,"01","16",0,1,32
"Registro Administrativo de la Industria Automotriz de Vehículos Ligeros. Venta de vehículos híbridos y eléctricos","Nacional",2018,"01","17",0,1,13
"Registro Administrativo de la Industria Automotriz de Vehículos Ligeros. Venta de vehículos híbridos y eléctricos","Nacional",2018,"01","18",0,0,0
"Registro Administrativo de la Industria Automotriz de Vehículos Ligeros. Venta de vehículos híbridos y eléctricos","Nacional",2018,"01","19",1,9,34
"Registro Administrativo de la Industria Automotriz de Vehículos Ligeros. Venta de vehículos híbridos y eléctricos","Nacional",2018,"01","20",0,0,17
"Registro Administrativo de la Industria Automotriz de Vehículos Ligeros. Venta de vehículos híbridos y eléctricos","Nacional",2018,"01","21",0,2,29
"Registro Administrativo de la Industria Automotriz de Vehículos Ligeros. Venta de vehículos híbridos y eléctricos","Nacional",2018,"01","22",0,1,24
"Registro Administrativo de la Industria Automotriz de Vehículos Ligeros. Venta de vehículos híbridos y eléctricos","Nacional",2018,"01","23",0,3,11
"Registro Administrativo de la Industria Automotriz de Vehículos Ligeros. Venta de vehículos híbridos y eléctricos","Nacional",2018,"01","24",0,2,7
"Registro Administrativo de la Industria Automotriz de Vehículos Ligeros. Venta de vehículos híbridos y eléctricos","Nacional",2018,"01","25",0,0,8
"Registro Administrativo de la Industria Automotriz de Vehículos Ligeros. Venta de vehículos híbridos y eléctricos","Nacional",2018,"01","26",0,0,4
"Registro Administrativo de la Industria Automotriz de Vehículos Ligeros. Venta de vehículos híbridos y eléctricos","Nacional",2018,"01","27",0,0,7
"Registro Administrativo de la Industria Automotriz de Vehículos Ligeros. Venta de vehículos híbridos y eléctricos","Nacional",2018,"01","28",0,0,11
"Registro Administrativo de la Industria Automotriz de Vehículos Ligeros. Venta de vehículos híbridos y eléctricos","Nacional",2018,"01","29",0,0,8
"Registro Administrativo de la Industria Automotriz de Vehículos Ligeros. Venta de vehículos híbridos y eléctricos","Nacional",2018,"01","30",0,2,23
"Registro Administrativo de la Industria Automotriz de Vehículos Ligeros. Venta de vehículos híbridos y eléctricos","Nacional",2018,"01","31",0,2,10
"Registro Administrativo de la Industria Automotriz de Vehículos Ligeros. Venta de vehículos híbridos y eléctricos","Nacional",2018,"01","32",0,0,3
"Registro Administrativo de la Industria Automotriz de Vehículos Ligeros. Venta de vehículos híbridos y eléctricos","Nacional",2018,"01","99",4,0,74
"Registro Administrativo de la Industria Automotriz de Vehículos Ligeros. Venta de vehículos híbridos y eléctricos","Nacional",2018,"02","01",0,0,12
"Registro Administrativo de la Industria Automotriz de Vehículos Ligeros. Venta de vehículos híbridos y eléctricos","Nacional",2018,"02","02",0,0,9
"Registro Administrativo de la Industria Automotriz de Vehículos Ligeros. Venta de vehículos híbridos y eléctricos","Nacional",2018,"02","03",0,0,2
"Registro Administrativo de la Industria Automotriz de Vehículos Ligeros. Venta de vehículos híbridos y eléctricos","Nacional",2018,"02","04",0,0,3
"Registro Administrativo de la Industria Automotriz de Vehículos Ligeros. Venta de vehículos híbridos y eléctricos","Nacional",2018,"02","05",0,0,14
"Registro Administrativo de la Industria Automotriz de Vehículos Ligeros. Venta de vehículos híbridos y eléctricos","Nacional",2018,"02","06",0,0,9
"Registro Administrativo de la Industria Automotriz de Vehículos Ligeros. Venta de vehículos híbridos y eléctricos","Nacional",2018,"02","07",0,0,5
"Registro Administrativo de la Industria Automotriz de Vehículos Ligeros. Venta de vehículos híbridos y eléctricos","Nacional",2018,"02","08",0,0,10
"Registro Administrativo de la Industria Automotriz de Vehículos Ligeros. Venta de vehículos híbridos y eléctricos","Nacional",2018,"02","09",4,66,391
"Registro Administrativo de la Industria Automotriz de Vehículos Ligeros. Venta de vehículos híbridos y eléctricos","Nacional",2018,"02","10",0,0,6
"Registro Administrativo de la Industria Automotriz de Vehículos Ligeros. Venta de vehículos híbridos y eléctricos","Nacional",2018,"02","11",0,3,36
"Registro Administrativo de la Industria Automotriz de Vehículos Ligeros. Venta de vehículos híbridos y eléctricos","Nacional",2018,"02","12",0,0,1
"Registro Administrativo de la Industria Automotriz de Vehículos Ligeros. Venta de vehículos híbridos y eléctricos","Nacional",2018,"02","13",0,0,8
"Registro Administrativo de la Industria Automotriz de Vehículos Ligeros. Venta de vehículos híbridos y eléctricos","Nacional",2018,"02","14",0,8,93
"Registro Administrativo de la Industria Automotriz de Vehículos Ligeros. Venta de vehículos híbridos y eléctricos","Nacional",2018,"02","15",0,8,161
"Registro Administrativo de la Industria Automotriz de Vehículos Ligeros. Venta de vehículos híbridos y eléctricos","Nacional",2018,"02","16",0,0,37
"Registro Administrativo de la Industria Automotriz de Vehículos Ligeros. Venta de vehículos híbridos y eléctricos","Nacional",2018,"02","17",0,4,19
"Registro Administrativo de la Industria Automotriz de Vehículos Ligeros. Venta de vehículos híbridos y eléctricos","Nacional",2018,"02","18",0,0,0
"Registro Administrativo de la Industria Automotriz de Vehículos Ligeros. Venta de vehículos híbridos y eléctricos","Nacional",2018,"02","19",0,8,45
"Registro Administrativo de la Industria Automotriz de Vehículos Ligeros. Venta de vehículos híbridos y eléctricos","Nacional",2018,"02","20",0,0,30
"Registro Administrativo de la Industria Automotriz de Vehículos Ligeros. Venta de vehículos híbridos y eléctricos","Nacional",2018,"02","21",0,4,36
"Registro Administrativo de la Industria Automotriz de Vehículos Ligeros. Venta de vehículos híbridos y eléctricos","Nacional",2018,"02","22",0,3,39
"Registro Administrativo de la Industria Automotriz de Vehículos Ligeros. Venta de vehículos híbridos y eléctricos","Nacional",2018,"02","23",0,1,6
"Registro Administrativo de la Industria Automotriz de Vehículos Ligeros. Venta de vehículos híbridos y eléctricos","Nacional",2018,"02","24",0,4,17
"Registro Administrativo de la Industria Automotriz de Vehículos Ligeros. Venta de vehículos híbridos y eléctricos","Nacional",2018,"02","25",0,0,20
"Registro Administrativo de la Industria Automotriz de Vehículos Ligeros. Venta de vehículos híbridos y eléctricos","Nacional",2018,"02","26",0,1,9
"Registro Administrativo de la Industria Automotriz de Vehículos Ligeros. Venta de vehículos híbridos y eléctricos","Nacional",2018,"02","27",0,0,3
"Registro Administrativo de la Industria Automotriz de Vehículos Ligeros. Venta de vehículos híbridos y eléctricos","Nacional",2018,"02","28",0,0,19
"Registro Administrativo de la Industria Automotriz de Vehículos Ligeros. Venta de vehículos híbridos y eléctricos","Nacional",2018,"02","29",0,0,4
"Registro Administrativo de la Industria Automotriz de Vehículos Ligeros. Venta de vehículos híbridos y eléctricos","Nacional",2018,"02","30",0,2,29
"Registro Administrativo de la Industria Automotriz de Vehículos Ligeros. Venta de vehículos híbridos y eléctricos","Nacional",2018,"02","31",0,5,12
"Registro Administrativo de la Industria Automotriz de Vehículos Ligeros. Venta de vehículos híbridos y eléctricos","Nacional",2018,"02","32",0,0,6
"Registro Administrativo de la Industria Automotriz de Vehículos Ligeros. Venta de vehículos híbridos y eléctricos","Nacional",2018,"02","99",12,0,85
"Registro Administrativo de la Industria Automotriz de Vehículos Ligeros. Venta de vehículos híbridos y eléctricos","Nacional",2018,"03","01",0,0,9
"Registro Administrativo de la Industria Automotriz de Vehículos Ligeros. Venta de vehículos híbridos y eléctricos","Nacional",2018,"03","02",0,0,16
"Registro Administrativo de la Industria Automotriz de Vehículos Ligeros. Venta de vehículos híbridos y eléctricos","Nacional",2018,"03","03",0,0,2
"Registro Administrativo de la Industria Automotriz de Vehículos Ligeros. Venta de vehículos híbridos y eléctricos","Nacional",2018,"03","04",0,0,0
"Registro Administrativo de la Industria Automotriz de Vehículos Ligeros. Venta de vehículos híbridos y eléctricos","Nacional",2018,"03","05",0,0,19
"Registro Administrativo de la Industria Automotriz de Vehículos Ligeros. Venta de vehículos híbridos y eléctricos","Nacional",2018,"03","06",0,0,8
"Registro Administrativo de la Industria Automotriz de Vehículos Ligeros. Venta de vehículos híbridos y eléctricos","Nacional",2018,"03","07",0,0,3
"Registro Administrativo de la Industria Automotriz de Vehículos Ligeros. Venta de vehículos híbridos y eléctricos","Nacional",2018,"03","08",0,0,12
"Registro Administrativo de la Industria Automotriz de Vehículos Ligeros. Venta de vehículos híbridos y eléctricos","Nacional",2018,"03","09",4,114,350
"Registro Administrativo de la Industria Automotriz de Vehículos Ligeros. Venta de vehículos híbridos y eléctricos","Nacional",2018,"03","10",0,0,4
"Registro Administrativo de la Industria Automotriz de Vehículos Ligeros. Venta de vehículos híbridos y eléctricos","Nacional",2018,"03","11",0,2,22
"Registro Administrativo de la Industria Automotriz de Vehículos Ligeros. Venta de vehículos híbridos y eléctricos","Nacional",2018,"03","12",0,0,7
"Registro Administrativo de la Industria Automotriz de Vehículos Ligeros. Venta de vehículos híbridos y eléctricos","Nacional",2018,"03","13",0,0,11
"Registro Administrativo de la Industria Automotriz de Vehículos Ligeros. Venta de vehículos híbridos y eléctricos","Nacional",2018,"03","14",4,22,100
"Registro Administrativo de la Industria Automotriz de Vehículos Ligeros. Venta de vehículos híbridos y eléctricos","Nacional",2018,"03","15",0,12,209
"Registro Administrativo de la Industria Automotriz de Vehículos Ligeros. Venta de vehículos híbridos y eléctricos","Nacional",2018,"03","16",0,7,42
"Registro Administrativo de la Industria Automotriz de Vehículos Ligeros. Venta de vehículos híbridos y eléctricos","Nacional",2018,"03","17",0,9,18
"Registro Administrativo de la Industria Automotriz de Vehículos Ligeros. Venta de vehículos híbridos y eléctricos","Nacional",2018,"03","18",0,0,0
"Registro Administrativo de la Industria Automotriz de Vehículos Ligeros. Venta de vehículos híbridos y eléctricos","Nacional",2018,"03","19",0,8,45
"Registro Administrativo de la Industria Automotriz de Vehículos Ligeros. Venta de vehículos híbridos y eléctricos","Nacional",2018,"03","20",0,1,15
"Registro Administrativo de la Industria Automotriz de Vehículos Ligeros. Venta de vehículos híbridos y eléctricos","Nacional",2018,"03","21",0,0,27
"Registro Administrativo de la Industria Automotriz de Vehículos Ligeros. Venta de vehículos híbridos y eléctricos","Nacional",2018,"03","22",1,5,26
"Registro Administrativo de la Industria Automotriz de Vehículos Ligeros. Venta de vehículos híbridos y eléctricos","Nacional",2018,"03","23",0,1,5
"Registro Administrativo de la Industria Automotriz de Vehículos Ligeros. Venta de vehículos híbridos y eléctricos","Nacional",2018,"03","24",0,0,20
"Registro Administrativo de la Industria Automotriz de Vehículos Ligeros. Venta de vehículos híbridos y eléctricos","Nacional",2018,"03","25",0,0,19
"Registro Administrativo de la Industria Automotriz de Vehículos Ligeros. Venta de vehículos híbridos y eléctricos","Nacional",2018,"03","26",0,0,5
"Registro Administrativo de la Industria Automotriz de Vehículos Ligeros. Venta de vehículos híbridos y eléctricos","Nacional",2018,"03","27",0,0,5
"Registro Administrativo de la Industria Automotriz de Vehículos Ligeros. Venta de vehículos híbridos y eléctricos","Nacional",2018,"03","28",0,0,13
"Registro Administrativo de la Industria Automotriz de Vehículos Ligeros. Venta de vehículos híbridos y eléctricos","Nacional",2018,"03","29",0,0,11
"Registro Administrativo de la Industria Automotriz de Vehículos Ligeros. Venta de vehículos híbridos y eléctricos","Nacional",2018,"03","30",0,1,32
"Registro Administrativo de la Industria Automotriz de Vehículos Ligeros. Venta de vehículos híbridos y eléctricos","Nacional",2018,"03","31",0,3,14
"Registro Administrativo de la Industria Automotriz de Vehículos Ligeros. Venta de vehículos híbridos y eléctricos","Nacional",2018,"03","32",0,0,7
"Registro Administrativo de la Industria Automotriz de Vehículos Ligeros. Venta de vehículos híbridos y eléctricos","Nacional",2018,"03","99",10,0,30
"Registro Administrativo de la Industria Automotriz de Vehículos Ligeros. Venta de vehículos híbridos y eléctricos","Nacional",2018,"04","01",0,0,9
"Registro Administrativo de la Industria Automotriz de Vehículos Ligeros. Venta de vehículos híbridos y eléctricos","Nacional",2018,"04","02",0,1,10
"Registro Administrativo de la Industria Automotriz de Vehículos Ligeros. Venta de vehículos híbridos y eléctricos","Nacional",2018,"04","03",0,0,4
"Registro Administrativo de la Industria Automotriz de Vehículos Ligeros. Venta de vehículos híbridos y eléctricos","Nacional",2018,"04","04",0,0,2
"Registro Administrativo de la Industria Automotriz de Vehículos Ligeros. Venta de vehículos híbridos y eléctricos","Nacional",2018,"04","05",0,1,33
"Registro Administrativo de la Industria Automotriz de Vehículos Ligeros. Venta de vehículos híbridos y eléctricos","Nacional",2018,"04","06",0,0,7
"Registro Administrativo de la Industria Automotriz de Vehículos Ligeros. Venta de vehículos híbridos y eléctricos","Nacional",2018,"04","07",0,0,1
"Registro Administrativo de la Industria Automotriz de Vehículos Ligeros. Venta de vehículos híbridos y eléctricos","Nacional",2018,"04","08",0,0,10
"Registro Administrativo de la Industria Automotriz de Vehículos Ligeros. Venta de vehículos híbridos y eléctricos","Nacional",2018,"04","09",3,94,416
"Registro Administrativo de la Industria Automotriz de Vehículos Ligeros. Venta de vehículos híbridos y eléctricos","Nacional",2018,"04","10",0,0,6
"Registro Administrativo de la Industria Automotriz de Vehículos Ligeros. Venta de vehículos híbridos y eléctricos","Nacional",2018,"04","11",0,5,24
"Registro Administrativo de la Industria Automotriz de Vehículos Ligeros. Venta de vehículos híbridos y eléctricos","Nacional",2018,"04","12",0,0,5
"Registro Administrativo de la Industria Automotriz de Vehículos Ligeros. Venta de vehículos híbridos y eléctricos","Nacional",2018,"04","13",0,0,22
"Registro Administrativo de la Industria Automotriz de Vehículos Ligeros. Venta de vehículos híbridos y eléctricos","Nacional",2018,"04","14",0,19,91
"Registro Administrativo de la Industria Automotriz de Vehículos Ligeros. Venta de vehículos híbridos y eléctricos","Nacional",2018,"04","15",0,13,195
"Registro Administrativo de la Industria Automotriz de Vehículos Ligeros. Venta de vehículos híbridos y eléctricos","Nacional",2018,"04","16",0,1,55
"Registro Administrativo de la Industria Automotriz de Vehículos Ligeros. Venta de vehículos híbridos y eléctricos","Nacional",2018,"04","17",0,3,20
"Registro Administrativo de la Industria Automotriz de Vehículos Ligeros. Venta de vehículos híbridos y eléctricos","Nacional",2018,"04","18",0,0,2
"Registro Administrativo de la Industria Automotriz de Vehículos Ligeros. Venta de vehículos híbridos y eléctricos","Nacional",2018,"04","19",0,11,33
"Registro Administrativo de la Industria Automotriz de Vehículos Ligeros. Venta de vehículos híbridos y eléctricos","Nacional",2018,"04","20",0,0,33
"Registro Administrativo de la Industria Automotriz de Vehículos Ligeros. Venta de vehículos híbridos y eléctricos","Nacional",2018,"04","21",0,6,22
"Registro Administrativo de la Industria Automotriz de Vehículos Ligeros. Venta de vehículos híbridos y eléctricos","Nacional",2018,"04","22",0,7,17
"Registro Administrativo de la Industria Automotriz de Vehículos Ligeros. Venta de vehículos híbridos y eléctricos","Nacional",2018,"04","23",0,5,10
"Registro Administrativo de la Industria Automotriz de Vehículos Ligeros. Venta de vehículos híbridos y eléctricos","Nacional",2018,"04","24",0,3,12
"Registro Administrativo de la Industria Automotriz de Vehículos Ligeros. Venta de vehículos híbridos y eléctricos","Nacional",2018,"04","25",0,1,14
"Registro Administrativo de la Industria Automotriz de Vehículos Ligeros. Venta de vehículos híbridos y eléctricos","Nacional",2018,"04","26",0,6,10
"Registro Administrativo de la Industria Automotriz de Vehículos Ligeros. Venta de vehículos híbridos y eléctricos","Nacional",2018,"04","27",0,0,1
"Registro Administrativo de la Industria Automotriz de Vehículos Ligeros. Venta de vehículos híbridos y eléctricos","Nacional",2018,"04","28",0,0,14
"Registro Administrativo de la Industria Automotriz de Vehículos Ligeros. Venta de vehículos híbridos y eléctricos","Nacional",2018,"04","29",0,0,4
"Registro Administrativo de la Industria Automotriz de Vehículos Ligeros. Venta de vehículos híbridos y eléctricos","Nacional",2018,"04","30",0,0,34
"Registro Administrativo de la Industria Automotriz de Vehículos Ligeros. Venta de vehículos híbridos y eléctricos","Nacional",2018,"04","31",0,5,15
"Registro Administrativo de la Industria Automotriz de Vehículos Ligeros. Venta de vehículos híbridos y eléctricos","Nacional",2018,"04","32",0,0,4
"Registro Administrativo de la Industria Automotriz de Vehículos Ligeros. Venta de vehículos híbridos y eléctricos","Nacional",2018,"04","99",18,0,46
"Registro Administrativo de la Industria Automotriz de Vehículos Ligeros. Venta de vehículos híbridos y eléctricos","Nacional",2018,"05","01",0,0,4
"Registro Administrativo de la Industria Automotriz de Vehículos Ligeros. Venta de vehículos híbridos y eléctricos","Nacional",2018,"05","02",0,2,14
"Registro Administrativo de la Industria Automotriz de Vehículos Ligeros. Venta de vehículos híbridos y eléctricos","Nacional",2018,"05","03",0,0,7
"Registro Administrativo de la Industria Automotriz de Vehículos Ligeros. Venta de vehículos híbridos y eléctricos","Nacional",2018,"05","04",0,0,8
"Registro Administrativo de la Industria Automotriz de Vehículos Ligeros. Venta de vehículos híbridos y eléctricos","Nacional",2018,"05","05",0,2,24
"Registro Administrativo de la Industria Automotriz de Vehículos Ligeros. Venta de vehículos híbridos y eléctricos","Nacional",2018,"05","06",0,0,5
"Registro Administrativo de la Industria Automotriz de Vehículos Ligeros. Venta de vehículos híbridos y eléctricos","Nacional",2018,"05","07",0,0,6
"Registro Administrativo de la Industria Automotriz de Vehículos Ligeros. Venta de vehículos híbridos y eléctricos","Nacional",2018,"05","08",0,0,14
"Registro Administrativo de la Industria Automotriz de Vehículos Ligeros. Venta de vehículos híbridos y eléctricos","Nacional",2018,"05","09",3,108,455
"Registro Administrativo de la Industria Automotriz de Vehículos Ligeros. Venta de vehículos híbridos y eléctricos","Nacional",2018,"05","10",0,0,6
"Registro Administrativo de la Industria Automotriz de Vehículos Ligeros. Venta de vehículos híbridos y eléctricos","Nacional",2018,"05","11",0,4,38
"Registro Administrativo de la Industria Automotriz de Vehículos Ligeros. Venta de vehículos híbridos y eléctricos","Nacional",2018,"05","12",0,0,2
"Registro Administrativo de la Industria Automotriz de Vehículos Ligeros. Venta de vehículos híbridos y eléctricos","Nacional",2018,"05","13",0,0,15
"Registro Administrativo de la Industria Automotriz de Vehículos Ligeros. Venta de vehículos híbridos y eléctricos","Nacional",2018,"05","14",0,21,125
"Registro Administrativo de la Industria Automotriz de Vehículos Ligeros. Venta de vehículos híbridos y eléctricos","Nacional",2018,"05","15",1,7,185
"Registro Administrativo de la Industria Automotriz de Vehículos Ligeros. Venta de vehículos híbridos y eléctricos","Nacional",2018,"05","16",0,5,52
"Registro Administrativo de la Industria Automotriz de Vehículos Ligeros. Venta de vehículos híbridos y eléctricos","Nacional",2018,"05","17",0,3,34
"Registro Administrativo de la Industria Automotriz de Vehículos Ligeros. Venta de vehículos híbridos y eléctricos","Nacional",2018,"05","18",0,0,0
"Registro Administrativo de la Industria Automotriz de Vehículos Ligeros. Venta de vehículos híbridos y eléctricos","Nacional",2018,"05","19",3,16,40
"Registro Administrativo de la Industria Automotriz de Vehículos Ligeros. Venta de vehículos híbridos y eléctricos","Nacional",2018,"05","20",0,0,32
"Registro Administrativo de la Industria Automotriz de Vehículos Ligeros. Venta de vehículos híbridos y eléctricos","Nacional",2018,"05","21",2,5,32
"Registro Administrativo de la Industria Automotriz de Vehículos Ligeros. Venta de vehículos híbridos y eléctricos","Nacional",2018,"05","22",0,6,20
"Registro Administrativo de la Industria Automotriz de Vehículos Ligeros. Venta de vehículos híbridos y eléctricos","Nacional",2018,"05","23",0,4,14
"Registro Administrativo de la Industria Automotriz de Vehículos Ligeros. Venta de vehículos híbridos y eléctricos","Nacional",2018,"05","24",0,2,13
"Registro Administrativo de la Industria Automotriz de Vehículos Ligeros. Venta de vehículos híbridos y eléctricos","Nacional",2018,"05","25",0,1,17
"Registro Administrativo de la Industria Automotriz de Vehículos Ligeros. Venta de vehículos híbridos y eléctricos","Nacional",2018,"05","26",0,1,15
"Registro Administrativo de la Industria Automotriz de Vehículos Ligeros. Venta de vehículos híbridos y eléctricos","Nacional",2018,"05","27",0,0,3
"Registro Administrativo de la Industria Automotriz de Vehículos Ligeros. Venta de vehículos híbridos y eléctricos","Nacional",2018,"05","28",0,0,11
"Registro Administrativo de la Industria Automotriz de Vehículos Ligeros. Venta de vehículos híbridos y eléctricos","Nacional",2018,"05","29",0,0,5
"Registro Administrativo de la Industria Automotriz de Vehículos Ligeros. Venta de vehículos híbridos y eléctricos","Nacional",2018,"05","30",0,1,30
"Registro Administrativo de la Industria Automotriz de Vehículos Ligeros. Venta de vehículos híbridos y eléctricos","Nacional",2018,"05","31",0,1,7
"Registro Administrativo de la Industria Automotriz de Vehículos Ligeros. Venta de vehículos híbridos y eléctricos","Nacional",2018,"05","32",0,0,2
"Registro Administrativo de la Industria Automotriz de Vehículos Ligeros. Venta de vehículos híbridos y eléctricos","Nacional",2018,"05","99",7,0,48
"Registro Administrativo de la Industria Automotriz de Vehículos Ligeros. Venta de vehículos híbridos y eléctricos","Nacional",2018,"06","01",0,0,9
"Registro Administrativo de la Industria Automotriz de Vehículos Ligeros. Venta de vehículos híbridos y eléctricos","Nacional",2018,"06","02",0,3,8
"Registro Administrativo de la Industria Automotriz de Vehículos Ligeros. Venta de vehículos híbridos y eléctricos","Nacional",2018,"06","03",0,0,6
"Registro Administrativo de la Industria Automotriz de Vehículos Ligeros. Venta de vehículos híbridos y eléctricos","Nacional",2018,"06","04",0,0,6
"Registro Administrativo de la Industria Automotriz de Vehículos Ligeros. Venta de vehículos híbridos y eléctricos","Nacional",2018,"06","05",0,5,11
"Registro Administrativo de la Industria Automotriz de Vehículos Ligeros. Venta de vehículos híbridos y eléctricos","Nacional",2018,"06","06",0,0,7
"Registro Administrativo de la Industria Automotriz de Vehículos Ligeros. Venta de vehículos híbridos y eléctricos","Nacional",2018,"06","07",0,0,4
"Registro Administrativo de la Industria Automotriz de Vehículos Ligeros. Venta de vehículos híbridos y eléctricos","Nacional",2018,"06","08",0,3,9
"Registro Administrativo de la Industria Automotriz de Vehículos Ligeros. Venta de vehículos híbridos y eléctricos","Nacional",2018,"06","09",5,75,481
"Registro Administrativo de la Industria Automotriz de Vehículos Ligeros. Venta de vehículos híbridos y eléctricos","Nacional",2018,"06","10",0,0,6
"Registro Administrativo de la Industria Automotriz de Vehículos Ligeros. Venta de vehículos híbridos y eléctricos","Nacional",2018,"06","11",0,4,26
"Registro Administrativo de la Industria Automotriz de Vehículos Ligeros. Venta de vehículos híbridos y eléctricos","Nacional",2018,"06","12",0,0,6
"Registro Administrativo de la Industria Automotriz de Vehículos Ligeros. Venta de vehículos híbridos y eléctricos","Nacional",2018,"06","13",0,0,13
"Registro Administrativo de la Industria Automotriz de Vehículos Ligeros. Venta de vehículos híbridos y eléctricos","Nacional",2018,"06","14",0,26,96
"Registro Administrativo de la Industria Automotriz de Vehículos Ligeros. Venta de vehículos híbridos y eléctricos","Nacional",2018,"06","15",0,12,177
"Registro Administrativo de la Industria Automotriz de Vehículos Ligeros. Venta de vehículos híbridos y eléctricos","Nacional",2018,"06","16",0,3,69
"Registro Administrativo de la Industria Automotriz de Vehículos Ligeros. Venta de vehículos híbridos y eléctricos","Nacional",2018,"06","17",0,5,34
"Registro Administrativo de la Industria Automotriz de Vehículos Ligeros. Venta de vehículos híbridos y eléctricos","Nacional",2018,"06","18",0,0,0
"Registro Administrativo de la Industria Automotriz de Vehículos Ligeros. Venta de vehículos híbridos y eléctricos","Nacional",2018,"06","19",0,8,66
"Registro Administrativo de la Industria Automotriz de Vehículos Ligeros. Venta de vehículos híbridos y eléctricos","Nacional",2018,"06","20",0,0,26
"Registro Administrativo de la Industria Automotriz de Vehículos Ligeros. Venta de vehículos híbridos y eléctricos","Nacional",2018,"06","21",0,3,14
"Registro Administrativo de la Industria Automotriz de Vehículos Ligeros. Venta de vehículos híbridos y eléctricos","Nacional",2018,"06","22",0,1,32
"Registro Administrativo de la Industria Automotriz de Vehículos Ligeros. Venta de vehículos híbridos y eléctricos","Nacional",2018,"06","23",0,2,9
"Registro Administrativo de la Industria Automotriz de Vehículos Ligeros. Venta de vehículos híbridos y eléctricos","Nacional",2018,"06","24",0,3,23
"Registro Administrativo de la Industria Automotriz de Vehículos Ligeros. Venta de vehículos híbridos y eléctricos","Nacional",2018,"06","25",0,6,20
"Registro Administrativo de la Industria Automotriz de Vehículos Ligeros. Venta de vehículos híbridos y eléctricos","Nacional",2018,"06","26",0,7,12
"Registro Administrativo de la Industria Automotriz de Vehículos Ligeros. Venta de vehículos híbridos y eléctricos","Nacional",2018,"06","27",0,0,3
"Registro Administrativo de la Industria Automotriz de Vehículos Ligeros. Venta de vehículos híbridos y eléctricos","Nacional",2018,"06","28",0,0,14
"Registro Administrativo de la Industria Automotriz de Vehículos Ligeros. Venta de vehículos híbridos y eléctricos","Nacional",2018,"06","29",0,0,4
"Registro Administrativo de la Industria Automotriz de Vehículos Ligeros. Venta de vehículos híbridos y eléctricos","Nacional",2018,"06","30",0,0,29
"Registro Administrativo de la Industria Automotriz de Vehículos Ligeros. Venta de vehículos híbridos y eléctricos","Nacional",2018,"06","31",0,3,20
"Registro Administrativo de la Industria Automotriz de Vehículos Ligeros. Venta de vehículos híbridos y eléctricos","Nacional",2018,"06","32",0,0,4
"Registro Administrativo de la Industria Automotriz de Vehículos Ligeros. Venta de vehículos híbridos y eléctricos","Nacional",2018,"06","99",14,0,159
"Registro Administrativo de la Industria Automotriz de Vehículos Ligeros. Venta de vehículos híbridos y eléctricos","Nacional",2018,"07","01",0,0,13
"Registro Administrativo de la Industria Automotriz de Vehículos Ligeros. Venta de vehículos híbridos y eléctricos","Nacional",2018,"07","02",0,3,17
"Registro Administrativo de la Industria Automotriz de Vehículos Ligeros. Venta de vehículos híbridos y eléctricos","Nacional",2018,"07","03",0,0,1
"Registro Administrativo de la Industria Automotriz de Vehículos Ligeros. Venta de vehículos híbridos y eléctricos","Nacional",2018,"07","04",0,0,3
"Registro Administrativo de la Industria Automotriz de Vehículos Ligeros. Venta de vehículos híbridos y eléctricos","Nacional",2018,"07","05",0,1,6
"Registro Administrativo de la Industria Automotriz de Vehículos Ligeros. Venta de vehículos híbridos y eléctricos","Nacional",2018,"07","06",0,0,8
"Registro Administrativo de la Industria Automotriz de Vehículos Ligeros. Venta de vehículos híbridos y eléctricos","Nacional",2018,"07","07",0,0,7
"Registro Administrativo de la Industria Automotriz de Vehículos Ligeros. Venta de vehículos híbridos y eléctricos","Nacional",2018,"07","08",0,0,16
"Registro Administrativo de la Industria Automotriz de Vehículos Ligeros. Venta de vehículos híbridos y eléctricos","Nacional",2018,"07","09",6,56,407
"Registro Administrativo de la Industria Automotriz de Vehículos Ligeros. Venta de vehículos híbridos y eléctricos","Nacional",2018,"07","10",0,0,3
"Registro Administrativo de la Industria Automotriz de Vehículos Ligeros. Venta de vehículos híbridos y eléctricos","Nacional",2018,"07","11",1,1,30
"Registro Administrativo de la Industria Automotriz de Vehículos Ligeros. Venta de vehículos híbridos y eléctricos","Nacional",2018,"07","12",0,0,3
"Registro Administrativo de la Industria Automotriz de Vehículos Ligeros. Venta de vehículos híbridos y eléctricos","Nacional",2018,"07","13",0,1,9
"Registro Administrativo de la Industria Automotriz de Vehículos Ligeros. Venta de vehículos híbridos y eléctricos","Nacional",2018,"07","14",1,7,74
"Registro Administrativo de la Industria Automotriz de Vehículos Ligeros. Venta de vehículos híbridos y eléctricos","Nacional",2018,"07","15",0,9,193
"Registro Administrativo de la Industria Automotriz de Vehículos Ligeros. Venta de vehículos híbridos y eléctricos","Nacional",2018,"07","16",0,2,43
"Registro Administrativo de la Industria Automotriz de Vehículos Ligeros. Venta de vehículos híbridos y eléctricos","Nacional",2018,"07","17",1,5,25
"Registro Administrativo de la Industria Automotriz de Vehículos Ligeros. Venta de vehículos híbridos y eléctricos","Nacional",2018,"07","18",0,0,0
"Registro Administrativo de la Industria Automotriz de Vehículos Ligeros. Venta de vehículos híbridos y eléctricos","Nacional",2018,"07","19",2,4,59
"Registro Administrativo de la Industria Automotriz de Vehículos Ligeros. Venta de vehículos híbridos y eléctricos","Nacional",2018,"07","20",0,0,32
"Registro Administrativo de la Industria Automotriz de Vehículos Ligeros. Venta de vehículos híbridos y eléctricos","Nacional",2018,"07","21",0,4,20
"Registro Administrativo de la Industria Automotriz de Vehículos Ligeros. Venta de vehículos híbridos y eléctricos","Nacional",2018,"07","22",1,13,41
"Registro Administrativo de la Industria Automotriz de Vehículos Ligeros. Venta de vehículos híbridos y eléctricos","Nacional",2018,"07","23",0,2,12
"Registro Administrativo de la Industria Automotriz de Vehículos Ligeros. Venta de vehículos híbridos y eléctricos","Nacional",2018,"07","24",0,1,13
"Registro Administrativo de la Industria Automotriz de Vehículos Ligeros. Venta de vehículos híbridos y eléctricos","Nacional",2018,"07","25",0,1,18
"Registro Administrativo de la Industria Automotriz de Vehículos Ligeros. Venta de vehículos híbridos y eléctricos","Nacional",2018,"07","26",0,1,11
"Registro Administrativo de la Industria Automotriz de Vehículos Ligeros. Venta de vehículos híbridos y eléctricos","Nacional",2018,"07","27",0,0,4
"Registro Administrativo de la Industria Automotriz de Vehículos Ligeros. Venta de vehículos híbridos y eléctricos","Nacional",2018,"07","28",0,0,11
"Registro Administrativo de la Industria Automotriz de Vehículos Ligeros. Venta de vehículos híbridos y eléctricos","Nacional",2018,"07","29",0,0,2
"Registro Administrativo de la Industria Automotriz de Vehículos Ligeros. Venta de vehículos híbridos y eléctricos","Nacional",2018,"07","30",0,0,20
"Registro Administrativo de la Industria Automotriz de Vehículos Ligeros. Venta de vehículos híbridos y eléctricos","Nacional",2018,"07","31",0,2,8
"Registro Administrativo de la Industria Automotriz de Vehículos Ligeros. Venta de vehículos híbridos y eléctricos","Nacional",2018,"07","32",0,0,4
"Registro Administrativo de la Industria Automotriz de Vehículos Ligeros. Venta de vehículos híbridos y eléctricos","Nacional",2018,"07","99",1,0,0
"Registro Administrativo de la Industria Automotriz de Vehículos Ligeros. Venta de vehículos híbridos y eléctricos","Nacional",2018,"08","01",0,0,5
"Registro Administrativo de la Industria Automotriz de Vehículos Ligeros. Venta de vehículos híbridos y eléctricos","Nacional",2018,"08","02",0,0,17
"Registro Administrativo de la Industria Automotriz de Vehículos Ligeros. Venta de vehículos híbridos y eléctricos","Nacional",2018,"08","03",0,0,4
"Registro Administrativo de la Industria Automotriz de Vehículos Ligeros. Venta de vehículos híbridos y eléctricos","Nacional",2018,"08","04",0,0,1
"Registro Administrativo de la Industria Automotriz de Vehículos Ligeros. Venta de vehículos híbridos y eléctricos","Nacional",2018,"08","05",0,0,12
"Registro Administrativo de la Industria Automotriz de Vehículos Ligeros. Venta de vehículos híbridos y eléctricos","Nacional",2018,"08","06",0,0,8
"Registro Administrativo de la Industria Automotriz de Vehículos Ligeros. Venta de vehículos híbridos y eléctricos","Nacional",2018,"08","07",0,0,1
"Registro Administrativo de la Industria Automotriz de Vehículos Ligeros. Venta de vehículos híbridos y eléctricos","Nacional",2018,"08","08",0,0,11
"Registro Administrativo de la Industria Automotriz de Vehículos Ligeros. Venta de vehículos híbridos y eléctricos","Nacional",2018,"08","09",12,50,423
"Registro Administrativo de la Industria Automotriz de Vehículos Ligeros. Venta de vehículos híbridos y eléctricos","Nacional",2018,"08","10",0,0,6
"Registro Administrativo de la Industria Automotriz de Vehículos Ligeros. Venta de vehículos híbridos y eléctricos","Nacional",2018,"08","11",0,0,37
"Registro Administrativo de la Industria Automotriz de Vehículos Ligeros. Venta de vehículos híbridos y eléctricos","Nacional",2018,"08","12",0,0,4
"Registro Administrativo de la Industria Automotriz de Vehículos Ligeros. Venta de vehículos híbridos y eléctricos","Nacional",2018,"08","13",0,0,17
"Registro Administrativo de la Industria Automotriz de Vehículos Ligeros. Venta de vehículos híbridos y eléctricos","Nacional",2018,"08","14",1,6,91
"Registro Administrativo de la Industria Automotriz de Vehículos Ligeros. Venta de vehículos híbridos y eléctricos","Nacional",2018,"08","15",0,10,235
"Registro Administrativo de la Industria Automotriz de Vehículos Ligeros. Venta de vehículos híbridos y eléctricos","Nacional",2018,"08","16",0,4,30
"Registro Administrativo de la Industria Automotriz de Vehículos Ligeros. Venta de vehículos híbridos y eléctricos","Nacional",2018,"08","17",0,7,13
"Registro Administrativo de la Industria Automotriz de Vehículos Ligeros. Venta de vehículos híbridos y eléctricos","Nacional",2018,"08","18",0,0,1
"Registro Administrativo de la Industria Automotriz de Vehículos Ligeros. Venta de vehículos híbridos y eléctricos","Nacional",2018,"08","19",1,11,65
"Registro Administrativo de la Industria Automotriz de Vehículos Ligeros. Venta de vehículos híbridos y eléctricos","Nacional",2018,"08","20",0,0,39
"Registro Administrativo de la Industria Automotriz de Vehículos Ligeros. Venta de vehículos híbridos y eléctricos","Nacional",2018,"08","21",1,2,47
"Registro Administrativo de la Industria Automotriz de Vehículos Ligeros. Venta de vehículos híbridos y eléctricos","Nacional",2018,"08","22",2,3,31
"Registro Administrativo de la Industria Automotriz de Vehículos Ligeros. Venta de vehículos híbridos y eléctricos","Nacional",2018,"08","23",0,0,8
"Registro Administrativo de la Industria Automotriz de Vehículos Ligeros. Venta de vehículos híbridos y eléctricos","Nacional",2018,"08","24",0,0,15
"Registro Administrativo de la Industria Automotriz de Vehículos Ligeros. Venta de vehículos híbridos y eléctricos","Nacional",2018,"08","25",0,0,23
"Registro Administrativo de la Industria Automotriz de Vehículos Ligeros. Venta de vehículos híbridos y eléctricos","Nacional",2018,"08","26",0,0,19
"Registro Administrativo de la Industria Automotriz de Vehículos Ligeros. Venta de vehículos híbridos y eléctricos","Nacional",2018,"08","27",0,1,9
"Registro Administrativo de la Industria Automotriz de Vehículos Ligeros. Venta de vehículos híbridos y eléctricos","Nacional",2018,"08","28",0,0,12
"Registro Administrativo de la Industria Automotriz de Vehículos Ligeros. Venta de vehículos híbridos y eléctricos","Nacional",2018,"08","29",0,0,2
"Registro Administrativo de la Industria Automotriz de Vehículos Ligeros. Venta de vehículos híbridos y eléctricos","Nacional",2018,"08","30",0,0,28
"Registro Administrativo de la Industria Automotriz de Vehículos Ligeros. Venta de vehículos híbridos y eléctricos","Nacional",2018,"08","31",0,1,27
"Registro Administrativo de la Industria Automotriz de Vehículos Ligeros. Venta de vehículos híbridos y eléctricos","Nacional",2018,"08","32",0,0,2
"Registro Administrativo de la Industria Automotriz de Vehículos Ligeros. Venta de vehículos híbridos y eléctricos","Nacional",2018,"08","99",0,0,0
"Registro Administrativo de la Industria Automotriz de Vehículos Ligeros. Venta de vehículos híbridos y eléctricos","Nacional",2018,"09","01",0,0,16
"Registro Administrativo de la Industria Automotriz de Vehículos Ligeros. Venta de vehículos híbridos y eléctricos","Nacional",2018,"09","02",0,2,24
"Registro Administrativo de la Industria Automotriz de Vehículos Ligeros. Venta de vehículos híbridos y eléctricos","Nacional",2018,"09","03",0,0,3
"Registro Administrativo de la Industria Automotriz de Vehículos Ligeros. Venta de vehículos híbridos y eléctricos","Nacional",2018,"09","04",0,0,3
"Registro Administrativo de la Industria Automotriz de Vehículos Ligeros. Venta de vehículos híbridos y eléctricos","Nacional",2018,"09","05",1,1,18
"Registro Administrativo de la Industria Automotriz de Vehículos Ligeros. Venta de vehículos híbridos y eléctricos","Nacional",2018,"09","06",0,0,9
"Registro Administrativo de la Industria Automotriz de Vehículos Ligeros. Venta de vehículos híbridos y eléctricos","Nacional",2018,"09","07",0,0,2
"Registro Administrativo de la Industria Automotriz de Vehículos Ligeros. Venta de vehículos híbridos y eléctricos","Nacional",2018,"09","08",0,0,12
"Registro Administrativo de la Industria Automotriz de Vehículos Ligeros. Venta de vehículos híbridos y eléctricos","Nacional",2018,"09","09",5,53,526
"Registro Administrativo de la Industria Automotriz de Vehículos Ligeros. Venta de vehículos híbridos y eléctricos","Nacional",2018,"09","10",0,0,7
"Registro Administrativo de la Industria Automotriz de Vehículos Ligeros. Venta de vehículos híbridos y eléctricos","Nacional",2018,"09","11",0,4,39
"Registro Administrativo de la Industria Automotriz de Vehículos Ligeros. Venta de vehículos híbridos y eléctricos","Nacional",2018,"09","12",0,0,5
"Registro Administrativo de la Industria Automotriz de Vehículos Ligeros. Venta de vehículos híbridos y eléctricos","Nacional",2018,"09","13",0,0,21
"Registro Administrativo de la Industria Automotriz de Vehículos Ligeros. Venta de vehículos híbridos y eléctricos","Nacional",2018,"09","14",1,11,141
"Registro Administrativo de la Industria Automotriz de Vehículos Ligeros. Venta de vehículos híbridos y eléctricos","Nacional",2018,"09","15",0,17,297
"Registro Administrativo de la Industria Automotriz de Vehículos Ligeros. Venta de vehículos híbridos y eléctricos","Nacional",2018,"09","16",0,1,48
"Registro Administrativo de la Industria Automotriz de Vehículos Ligeros. Venta de vehículos híbridos y eléctricos","Nacional",2018,"09","17",0,7,20
"Registro Administrativo de la Industria Automotriz de Vehículos Ligeros. Venta de vehículos híbridos y eléctricos","Nacional",2018,"09","18",0,0,1
"Registro Administrativo de la Industria Automotriz de Vehículos Ligeros. Venta de vehículos híbridos y eléctricos","Nacional",2018,"09","19",1,14,64
"Registro Administrativo de la Industria Automotriz de Vehículos Ligeros. Venta de vehículos híbridos y eléctricos","Nacional",2018,"09","20",0,0,26
"Registro Administrativo de la Industria Automotriz de Vehículos Ligeros. Venta de vehículos híbridos y eléctricos","Nacional",2018,"09","21",0,4,40
"Registro Administrativo de la Industria Automotriz de Vehículos Ligeros. Venta de vehículos híbridos y eléctricos","Nacional",2018,"09","22",0,7,36
"Registro Administrativo de la Industria Automotriz de Vehículos Ligeros. Venta de vehículos híbridos y eléctricos","Nacional",2018,"09","23",0,3,13
"Registro Administrativo de la Industria Automotriz de Vehículos Ligeros. Venta de vehículos híbridos y eléctricos","Nacional",2018,"09","24",0,2,22
"Registro Administrativo de la Industria Automotriz de Vehículos Ligeros. Venta de vehículos híbridos y eléctricos","Nacional",2018,"09","25",0,0,27
"Registro Administrativo de la Industria Automotriz de Vehículos Ligeros. Venta de vehículos híbridos y eléctricos","Nacional",2018,"09","26",1,0,9
"Registro Administrativo de la Industria Automotriz de Vehículos Ligeros. Venta de vehículos híbridos y eléctricos","Nacional",2018,"09","27",0,0,10
"Registro Administrativo de la Industria Automotriz de Vehículos Ligeros. Venta de vehículos híbridos y eléctricos","Nacional",2018,"09","28",0,0,16
"Registro Administrativo de la Industria Automotriz de Vehículos Ligeros. Venta de vehículos híbridos y eléctricos","Nacional",2018,"09","29",0,0,10
"Registro Administrativo de la Industria Automotriz de Vehículos Ligeros. Venta de vehículos híbridos y eléctricos","Nacional",2018,"09","30",0,0,31
"Registro Administrativo de la Industria Automotriz de Vehículos Ligeros. Venta de vehículos híbridos y eléctricos","Nacional",2018,"09","31",0,1,23
"Registro Administrativo de la Industria Automotriz de Vehículos Ligeros. Venta de vehículos híbridos y eléctricos","Nacional",2018,"09","32",0,0,4
"Registro Administrativo de la Industria Automotriz de Vehículos Ligeros. Venta de vehículos híbridos y eléctricos","Nacional",2018,"09","99",0,0,0
"Registro Administrativo de la Industria Automotriz de Vehículos Ligeros. Venta de vehículos híbridos y eléctricos","Nacional",2018,"10","01",2,0,15
"Registro Administrativo de la Industria Automotriz de Vehículos Ligeros. Venta de vehículos híbridos y eléctricos","Nacional",2018,"10","02",0,0,14
"Registro Administrativo de la Industria Automotriz de Vehículos Ligeros. Venta de vehículos híbridos y eléctricos","Nacional",2018,"10","03",0,0,8
"Registro Administrativo de la Industria Automotriz de Vehículos Ligeros. Venta de vehículos híbridos y eléctricos","Nacional",2018,"10","04",0,0,3
"Registro Administrativo de la Industria Automotriz de Vehículos Ligeros. Venta de vehículos híbridos y eléctricos","Nacional",2018,"10","05",0,0,16
"Registro Administrativo de la Industria Automotriz de Vehículos Ligeros. Venta de vehículos híbridos y eléctricos","Nacional",2018,"10","06",0,0,7
"Registro Administrativo de la Industria Automotriz de Vehículos Ligeros. Venta de vehículos híbridos y eléctricos","Nacional",2018,"10","07",0,0,4
"Registro Administrativo de la Industria Automotriz de Vehículos Ligeros. Venta de vehículos híbridos y eléctricos","Nacional",2018,"10","08",2,0,46
"Registro Administrativo de la Industria Automotriz de Vehículos Ligeros. Venta de vehículos híbridos y eléctricos","Nacional",2018,"10","09",7,78,488
"Registro Administrativo de la Industria Automotriz de Vehículos Ligeros. Venta de vehículos híbridos y eléctricos","Nacional",2018,"10","10",2,0,4
"Registro Administrativo de la Industria Automotriz de Vehículos Ligeros. Venta de vehículos híbridos y eléctricos","Nacional",2018,"10","11",0,0,52
"Registro Administrativo de la Industria Automotriz de Vehículos Ligeros. Venta de vehículos híbridos y eléctricos","Nacional",2018,"10","12",0,0,7
"Registro Administrativo de la Industria Automotriz de Vehículos Ligeros. Venta de vehículos híbridos y eléctricos","Nacional",2018,"10","13",0,1,28
"Registro Administrativo de la Industria Automotriz de Vehículos Ligeros. Venta de vehículos híbridos y eléctricos","Nacional",2018,"10","14",3,8,156
"Registro Administrativo de la Industria Automotriz de Vehículos Ligeros. Venta de vehículos híbridos y eléctricos","Nacional",2018,"10","15",0,11,246
"Registro Administrativo de la Industria Automotriz de Vehículos Ligeros. Venta de vehículos híbridos y eléctricos","Nacional",2018,"10","16",0,1,62
"Registro Administrativo de la Industria Automotriz de Vehículos Ligeros. Venta de vehículos híbridos y eléctricos","Nacional",2018,"10","17",0,4,27
"Registro Administrativo de la Industria Automotriz de Vehículos Ligeros. Venta de vehículos híbridos y eléctricos","Nacional",2018,"10","18",1,0,1
"Registro Administrativo de la Industria Automotriz de Vehículos Ligeros. Venta de vehículos híbridos y eléctricos","Nacional",2018,"10","19",2,11,45
"Registro Administrativo de la Industria Automotriz de Vehículos Ligeros. Venta de vehículos híbridos y eléctricos","Nacional",2018,"10","20",0,0,32
"Registro Administrativo de la Industria Automotriz de Vehículos Ligeros. Venta de vehículos híbridos y eléctricos","Nacional",2018,"10","21",1,2,49
"Registro Administrativo de la Industria Automotriz de Vehículos Ligeros. Venta de vehículos híbridos y eléctricos","Nacional",2018,"10","22",0,6,37
"Registro Administrativo de la Industria Automotriz de Vehículos Ligeros. Venta de vehículos híbridos y eléctricos","Nacional",2018,"10","23",0,0,11
"Registro Administrativo de la Industria Automotriz de Vehículos Ligeros. Venta de vehículos híbridos y eléctricos","Nacional",2018,"10","24",0,2,23
"Registro Administrativo de la Industria Automotriz de Vehículos Ligeros. Venta de vehículos híbridos y eléctricos","Nacional",2018,"10","25",0,2,20
"Registro Administrativo de la Industria Automotriz de Vehículos Ligeros. Venta de vehículos híbridos y eléctricos","Nacional",2018,"10","26",0,0,18
"Registro Administrativo de la Industria Automotriz de Vehículos Ligeros. Venta de vehículos híbridos y eléctricos","Nacional",2018,"10","27",0,0,6
"Registro Administrativo de la Industria Automotriz de Vehículos Ligeros. Venta de vehículos híbridos y eléctricos","Nacional",2018,"10","28",0,0,7
"Registro Administrativo de la Industria Automotriz de Vehículos Ligeros. Venta de vehículos híbridos y eléctricos","Nacional",2018,"10","29",0,0,7
"Registro Administrativo de la Industria Automotriz de Vehículos Ligeros. Venta de vehículos híbridos y eléctricos","Nacional",2018,"10","30",0,0,25
"Registro Administrativo de la Industria Automotriz de Vehículos Ligeros. Venta de vehículos híbridos y eléctricos","Nacional",2018,"10","31",0,4,12
"Registro Administrativo de la Industria Automotriz de Vehículos Ligeros. Venta de vehículos híbridos y eléctricos","Nacional",2018,"10","32",0,0,6
"Registro Administrativo de la Industria Automotriz de Vehículos Ligeros. Venta de vehículos híbridos y eléctricos","Nacional",2018,"10","99",0,0,0
"Registro Administrativo de la Industria Automotriz de Vehículos Ligeros. Venta de vehículos híbridos y eléctricos","Nacional",2018,"11","01",0,0,14
"Registro Administrativo de la Industria Automotriz de Vehículos Ligeros. Venta de vehículos híbridos y eléctricos","Nacional",2018,"11","02",2,5,13
"Registro Administrativo de la Industria Automotriz de Vehículos Ligeros. Venta de vehículos híbridos y eléctricos","Nacional",2018,"11","03",0,0,7
"Registro Administrativo de la Industria Automotriz de Vehículos Ligeros. Venta de vehículos híbridos y eléctricos","Nacional",2018,"11","04",0,0,5
"Registro Administrativo de la Industria Automotriz de Vehículos Ligeros. Venta de vehículos híbridos y eléctricos","Nacional",2018,"11","05",0,3,26
"Registro Administrativo de la Industria Automotriz de Vehículos Ligeros. Venta de vehículos híbridos y eléctricos","Nacional",2018,"11","06",0,0,10
"Registro Administrativo de la Industria Automotriz de Vehículos Ligeros. Venta de vehículos híbridos y eléctricos","Nacional",2018,"11","07",0,0,4
"Registro Administrativo de la Industria Automotriz de Vehículos Ligeros. Venta de vehículos híbridos y eléctricos","Nacional",2018,"11","08",0,1,18
"Registro Administrativo de la Industria Automotriz de Vehículos Ligeros. Venta de vehículos híbridos y eléctricos","Nacional",2018,"11","09",8,64,511
"Registro Administrativo de la Industria Automotriz de Vehículos Ligeros. Venta de vehículos híbridos y eléctricos","Nacional",2018,"11","10",0,0,8
"Registro Administrativo de la Industria Automotriz de Vehículos Ligeros. Venta de vehículos híbridos y eléctricos","Nacional",2018,"11","11",1,4,65
"Registro Administrativo de la Industria Automotriz de Vehículos Ligeros. Venta de vehículos híbridos y eléctricos","Nacional",2018,"11","12",0,0,8
"Registro Administrativo de la Industria Automotriz de Vehículos Ligeros. Venta de vehículos híbridos y eléctricos","Nacional",2018,"11","13",0,3,18
"Registro Administrativo de la Industria Automotriz de Vehículos Ligeros. Venta de vehículos híbridos y eléctricos","Nacional",2018,"11","14",3,9,151
"Registro Administrativo de la Industria Automotriz de Vehículos Ligeros. Venta de vehículos híbridos y eléctricos","Nacional",2018,"11","15",1,8,264
"Registro Administrativo de la Industria Automotriz de Vehículos Ligeros. Venta de vehículos híbridos y eléctricos","Nacional",2018,"11","16",0,1,99
"Registro Administrativo de la Industria Automotriz de Vehículos Ligeros. Venta de vehículos híbridos y eléctricos","Nacional",2018,"11","17",0,4,30
"Registro Administrativo de la Industria Automotriz de Vehículos Ligeros. Venta de vehículos híbridos y eléctricos","Nacional",2018,"11","18",0,0,0
"Registro Administrativo de la Industria Automotriz de Vehículos Ligeros. Venta de vehículos híbridos y eléctricos","Nacional",2018,"11","19",1,8,74
"Registro Administrativo de la Industria Automotriz de Vehículos Ligeros. Venta de vehículos híbridos y eléctricos","Nacional",2018,"11","20",0,0,31
"Registro Administrativo de la Industria Automotriz de Vehículos Ligeros. Venta de vehículos híbridos y eléctricos","Nacional",2018,"11","21",0,4,59
"Registro Administrativo de la Industria Automotriz de Vehículos Ligeros. Venta de vehículos híbridos y eléctricos","Nacional",2018,"11","22",0,9,64
"Registro Administrativo de la Industria Automotriz de Vehículos Ligeros. Venta de vehículos híbridos y eléctricos","Nacional",2018,"11","23",0,0,10
"Registro Administrativo de la Industria Automotriz de Vehículos Ligeros. Venta de vehículos híbridos y eléctricos","Nacional",2018,"11","24",0,2,21
"Registro Administrativo de la Industria Automotriz de Vehículos Ligeros. Venta de vehículos híbridos y eléctricos","Nacional",2018,"11","25",0,0,30
"Registro Administrativo de la Industria Automotriz de Vehículos Ligeros. Venta de vehículos híbridos y eléctricos","Nacional",2018,"11","26",0,0,22
"Registro Administrativo de la Industria Automotriz de Vehículos Ligeros. Venta de vehículos híbridos y eléctricos","Nacional",2018,"11","27",0,0,9
"Registro Administrativo de la Industria Automotriz de Vehículos Ligeros. Venta de vehículos híbridos y eléctricos","Nacional",2018,"11","28",0,0,14
"Registro Administrativo de la Industria Automotriz de Vehículos Ligeros. Venta de vehículos híbridos y eléctricos","Nacional",2018,"11","29",0,0,8
"Registro Administrativo de la Industria Automotriz de Vehículos Ligeros. Venta de vehículos híbridos y eléctricos","Nacional",2018,"11","30",0,1,31
"Registro Administrativo de la Industria Automotriz de Vehículos Ligeros. Venta de vehículos híbridos y eléctricos","Nacional",2018,"11","31",0,2,8
"Registro Administrativo de la Industria Automotriz de Vehículos Ligeros. Venta de vehículos híbridos y eléctricos","Nacional",2018,"11","32",0,0,7
"Registro Administrativo de la Industria Automotriz de Vehículos Ligeros. Venta de vehículos híbridos y eléctricos","Nacional",2018,"11","99",0,0,0
"Registro Administrativo de la Industria Automotriz de Vehículos Ligeros. Venta de vehículos híbridos y eléctricos","Nacional",2018,"12","01",0,0,14
"Registro Administrativo de la Industria Automotriz de Vehículos Ligeros. Venta de vehículos híbridos y eléctricos","Nacional",2018,"12","02",1,1,23
"Registro Administrativo de la Industria Automotriz de Vehículos Ligeros. Venta de vehículos híbridos y eléctricos","Nacional",2018,"12","03",0,0,10
"Registro Administrativo de la Industria Automotriz de Vehículos Ligeros. Venta de vehículos híbridos y eléctricos","Nacional",2018,"12","04",0,0,4
"Registro Administrativo de la Industria Automotriz de Vehículos Ligeros. Venta de vehículos híbridos y eléctricos","Nacional",2018,"12","05",0,1,30
"Registro Administrativo de la Industria Automotriz de Vehículos Ligeros. Venta de vehículos híbridos y eléctricos","Nacional",2018,"12","06",0,0,12
"Registro Administrativo de la Industria Automotriz de Vehículos Ligeros. Venta de vehículos híbridos y eléctricos","Nacional",2018,"12","07",0,0,6
"Registro Administrativo de la Industria Automotriz de Vehículos Ligeros. Venta de vehículos híbridos y eléctricos","Nacional",2018,"12","08",0,0,23
"Registro Administrativo de la Industria Automotriz de Vehículos Ligeros. Venta de vehículos híbridos y eléctricos","Nacional",2018,"12","09",7,76,629
"Registro Administrativo de la Industria Automotriz de Vehículos Ligeros. Venta de vehículos híbridos y eléctricos","Nacional",2018,"12","10",0,0,3
"Registro Administrativo de la Industria Automotriz de Vehículos Ligeros. Venta de vehículos híbridos y eléctricos","Nacional",2018,"12","11",2,3,44
"Registro Administrativo de la Industria Automotriz de Vehículos Ligeros. Venta de vehículos híbridos y eléctricos","Nacional",2018,"12","12",0,0,4
"Registro Administrativo de la Industria Automotriz de Vehículos Ligeros. Venta de vehículos híbridos y eléctricos","Nacional",2018,"12","13",0,2,25
"Registro Administrativo de la Industria Automotriz de Vehículos Ligeros. Venta de vehículos híbridos y eléctricos","Nacional",2018,"12","14",5,11,218
"Registro Administrativo de la Industria Automotriz de Vehículos Ligeros. Venta de vehículos híbridos y eléctricos","Nacional",2018,"12","15",2,13,357
"Registro Administrativo de la Industria Automotriz de Vehículos Ligeros. Venta de vehículos híbridos y eléctricos","Nacional",2018,"12","16",2,1,134
"Registro Administrativo de la Industria Automotriz de Vehículos Ligeros. Venta de vehículos híbridos y eléctricos","Nacional",2018,"12","17",0,3,34
"Registro Administrativo de la Industria Automotriz de Vehículos Ligeros. Venta de vehículos híbridos y eléctricos","Nacional",2018,"12","18",0,0,3
"Registro Administrativo de la Industria Automotriz de Vehículos Ligeros. Venta de vehículos híbridos y eléctricos","Nacional",2018,"12","19",3,19,82
"Registro Administrativo de la Industria Automotriz de Vehículos Ligeros. Venta de vehículos híbridos y eléctricos","Nacional",2018,"12","20",0,0,36
"Registro Administrativo de la Industria Automotriz de Vehículos Ligeros. Venta de vehículos híbridos y eléctricos","Nacional",2018,"12","21",2,9,57
"Registro Administrativo de la Industria Automotriz de Vehículos Ligeros. Venta de vehículos híbridos y eléctricos","Nacional",2018,"12","22",0,5,57
"Registro Administrativo de la Industria Automotriz de Vehículos Ligeros. Venta de vehículos híbridos y eléctricos","Nacional",2018,"12","23",1,1,16
"Registro Administrativo de la Industria Automotriz de Vehículos Ligeros. Venta de vehículos híbridos y eléctricos","Nacional",2018,"12","24",0,0,20
"Registro Administrativo de la Industria Automotriz de Vehículos Ligeros. Venta de vehículos híbridos y eléctricos","Nacional",2018,"12","25",0,6,33
"Registro Administrativo de la Industria Automotriz de Vehículos Ligeros. Venta de vehículos híbridos y eléctricos","Nacional",2018,"12","26",1,1,14
"Registro Administrativo de la Industria Automotriz de Vehículos Ligeros. Venta de vehículos híbridos y eléctricos","Nacional",2018,"12","27",0,0,11
"Registro Administrativo de la Industria Automotriz de Vehículos Ligeros. Venta de vehículos híbridos y eléctricos","Nacional",2018,"12","28",0,0,11
"Registro Administrativo de la Industria Automotriz de Vehículos Ligeros. Venta de vehículos híbridos y eléctricos","Nacional",2018,"12","29",0,0,6
"Registro Administrativo de la Industria Automotriz de Vehículos Ligeros. Venta de vehículos híbridos y eléctricos","Nacional",2018,"12","30",0,1,33
"Registro Administrativo de la Industria Automotriz de Vehículos Ligeros. Venta de vehículos híbridos y eléctricos","Nacional",2018,"12","31",1,0,18
"Registro Administrativo de la Industria Automotriz de Vehículos Ligeros. Venta de vehículos híbridos y eléctricos","Nacional",2018,"12","32",1,0,5
"Registro Administrativo de la Industria Automotriz de Vehículos Ligeros. Venta de vehículos híbridos y eléctricos","Nacional",2018,"12","99",0,0,0
